ref_aa	des_aa	des_freq
A	A	0.656
A	C	0.0
A	D	0.0
A	E	0.005
A	F	0.034
A	G	0.042
A	H	0.0
A	I	0.004
A	K	0.007
A	L	0.058
A	M	0.006
A	N	0.005
A	P	0.001
A	Q	0.005
A	R	0.006
A	S	0.036
A	T	0.019
A	V	0.047
A	W	0.037
A	Y	0.031
C	A	0.0
C	C	0.0
C	D	0.0
C	E	0.0
C	F	0.0
C	G	0.0
C	H	0.0
C	I	0.0
C	K	0.0
C	L	0.0
C	M	0.0
C	N	0.0
C	P	0.0
C	Q	0.0
C	R	0.0
C	S	0.0
C	T	0.0
C	V	0.0
C	W	0.0
C	Y	0.0
D	A	0.009
D	C	0.0
D	D	0.788
D	E	0.009
D	F	0.028
D	G	0.005
D	H	0.0
D	I	0.003
D	K	0.003
D	L	0.021
D	M	0.002
D	N	0.018
D	P	0.0
D	Q	0.0
D	R	0.008
D	S	0.016
D	T	0.015
D	V	0.005
D	W	0.016
D	Y	0.053
E	A	0.033
E	C	0.0
E	D	0.077
E	E	0.494
E	F	0.033
E	G	0.012
E	H	0.0
E	I	0.029
E	K	0.032
E	L	0.031
E	M	0.007
E	N	0.009
E	P	0.0
E	Q	0.015
E	R	0.008
E	S	0.037
E	T	0.081
E	V	0.017
E	W	0.046
E	Y	0.039
F	A	0.004
F	C	0.0
F	D	0.002
F	E	0.007
F	F	0.484
F	G	0.002
F	H	0.0
F	I	0.011
F	K	0.002
F	L	0.078
F	M	0.009
F	N	0.017
F	P	0.008
F	Q	0.0
F	R	0.003
F	S	0.016
F	T	0.023
F	V	0.016
F	W	0.08
F	Y	0.239
G	A	0.037
G	C	0.0
G	D	0.0
G	E	0.0
G	F	0.0
G	G	0.944
G	H	0.0
G	I	0.0
G	K	0.0
G	L	0.002
G	M	0.0
G	N	0.0
G	P	0.0
G	Q	0.0
G	R	0.0
G	S	0.001
G	T	0.0
G	V	0.013
G	W	0.0
G	Y	0.002
H	A	0.087
H	C	0.0
H	D	0.0
H	E	0.0
H	F	0.025
H	G	0.0
H	H	0.25
H	I	0.013
H	K	0.013
H	L	0.188
H	M	0.0
H	N	0.125
H	P	0.0
H	Q	0.0
H	R	0.037
H	S	0.0
H	T	0.113
H	V	0.025
H	W	0.0
H	Y	0.125
I	A	0.0
I	C	0.0
I	D	0.0
I	E	0.0
I	F	0.0
I	G	0.0
I	H	0.0
I	I	0.3
I	K	0.414
I	L	0.143
I	M	0.0
I	N	0.0
I	P	0.0
I	Q	0.0
I	R	0.0
I	S	0.0
I	T	0.014
I	V	0.129
I	W	0.0
I	Y	0.0
K	A	0.012
K	C	0.0
K	D	0.011
K	E	0.064
K	F	0.03
K	G	0.008
K	H	0.002
K	I	0.025
K	K	0.592
K	L	0.056
K	M	0.002
K	N	0.01
K	P	0.0
K	Q	0.005
K	R	0.03
K	S	0.006
K	T	0.059
K	V	0.028
K	W	0.016
K	Y	0.044
L	A	0.044
L	C	0.0
L	D	0.0
L	E	0.0
L	F	0.009
L	G	0.0
L	H	0.0
L	I	0.027
L	K	0.006
L	L	0.719
L	M	0.001
L	N	0.002
L	P	0.0
L	Q	0.002
L	R	0.004
L	S	0.0
L	T	0.004
L	V	0.143
L	W	0.026
L	Y	0.012
M	A	0.18
M	C	0.0
M	D	0.01
M	E	0.003
M	F	0.028
M	G	0.083
M	H	0.0
M	I	0.058
M	K	0.0
M	L	0.105
M	M	0.207
M	N	0.007
M	P	0.0
M	Q	0.015
M	R	0.022
M	S	0.048
M	T	0.028
M	V	0.035
M	W	0.03
M	Y	0.142
N	A	0.0
N	C	0.0
N	D	0.001
N	E	0.0
N	F	0.001
N	G	0.103
N	H	0.0
N	I	0.0
N	K	0.032
N	L	0.004
N	M	0.0
N	N	0.853
N	P	0.0
N	Q	0.0
N	R	0.0
N	S	0.0
N	T	0.0
N	V	0.002
N	W	0.004
N	Y	0.002
P	A	0.0
P	C	0.0
P	D	0.0
P	E	0.0
P	F	0.0
P	G	0.0
P	H	0.0
P	I	0.0
P	K	0.0
P	L	0.0
P	M	0.0
P	N	0.0
P	P	0.999
P	Q	0.001
P	R	0.0
P	S	0.0
P	T	0.0
P	V	0.0
P	W	0.0
P	Y	0.0
Q	A	0.042
Q	C	0.0
Q	D	0.001
Q	E	0.012
Q	F	0.008
Q	G	0.003
Q	H	0.0
Q	I	0.011
Q	K	0.0
Q	L	0.037
Q	M	0.001
Q	N	0.008
Q	P	0.0
Q	Q	0.794
Q	R	0.01
Q	S	0.013
Q	T	0.012
Q	V	0.015
Q	W	0.012
Q	Y	0.02
R	A	0.007
R	C	0.0
R	D	0.008
R	E	0.006
R	F	0.028
R	G	0.015
R	H	0.0
R	I	0.043
R	K	0.119
R	L	0.055
R	M	0.005
R	N	0.03
R	P	0.0
R	Q	0.004
R	R	0.374
R	S	0.045
R	T	0.052
R	V	0.034
R	W	0.019
R	Y	0.156
S	A	0.05
S	C	0.0
S	D	0.012
S	E	0.005
S	F	0.041
S	G	0.024
S	H	0.001
S	I	0.017
S	K	0.0
S	L	0.003
S	M	0.016
S	N	0.005
S	P	0.0
S	Q	0.001
S	R	0.002
S	S	0.736
S	T	0.022
S	V	0.012
S	W	0.005
S	Y	0.049
T	A	0.025
T	C	0.0
T	D	0.015
T	E	0.017
T	F	0.037
T	G	0.013
T	H	0.0
T	I	0.034
T	K	0.003
T	L	0.043
T	M	0.008
T	N	0.022
T	P	0.0
T	Q	0.008
T	R	0.007
T	S	0.03
T	T	0.617
T	V	0.06
T	W	0.001
T	Y	0.06
V	A	0.08
V	C	0.0
V	D	0.001
V	E	0.003
V	F	0.014
V	G	0.003
V	H	0.0
V	I	0.055
V	K	0.01
V	L	0.191
V	M	0.005
V	N	0.003
V	P	0.0
V	Q	0.002
V	R	0.005
V	S	0.001
V	T	0.028
V	V	0.55
V	W	0.014
V	Y	0.036
W	A	0.001
W	C	0.0
W	D	0.0
W	E	0.0
W	F	0.068
W	G	0.002
W	H	0.0
W	I	0.008
W	K	0.005
W	L	0.016
W	M	0.0
W	N	0.0
W	P	0.0
W	Q	0.0
W	R	0.001
W	S	0.0
W	T	0.007
W	V	0.003
W	W	0.837
W	Y	0.053
Y	A	0.008
Y	C	0.0
Y	D	0.0
Y	E	0.0
Y	F	0.179
Y	G	0.001
Y	H	0.001
Y	I	0.01
Y	K	0.007
Y	L	0.012
Y	M	0.0
Y	N	0.0
Y	P	0.001
Y	Q	0.0
Y	R	0.005
Y	S	0.0
Y	T	0.004
Y	V	0.006
Y	W	0.016
Y	Y	0.751
